-- Generated by:
-- mysqldump --add-drop-database -B companies_db -u<username> -p<password>

-- MySQL dump 10.13  Distrib 5.5.49, for debian-linux-gnu (x86_64)
--
-- Host: localhost    Database: companies_db
-- ------------------------------------------------------
-- Server version       5.5.49-0ubuntu0.14.04.1

/*!40101 SET @OLD_CHARACTER_SET_CLIENT=@@CHARACTER_SET_CLIENT */;
/*!40101 SET @OLD_CHARACTER_SET_RESULTS=@@CHARACTER_SET_RESULTS */;
/*!40101 SET @OLD_COLLATION_CONNECTION=@@COLLATION_CONNECTION */;
/*!40101 SET NAMES utf8 */;
/*!40103 SET @OLD_TIME_ZONE=@@TIME_ZONE */;
/*!40103 SET TIME_ZONE='+00:00' */;
/*!40014 SET @OLD_UNIQUE_CHECKS=@@UNIQUE_CHECKS, UNIQUE_CHECKS=0 */;
/*!40014 SET @OLD_FOREIGN_KEY_CHECKS=@@FOREIGN_KEY_CHECKS, FOREIGN_KEY_CHECKS=0 */;
/*!40101 SET @OLD_SQL_MODE=@@SQL_MODE, SQL_MODE='NO_AUTO_VALUE_ON_ZERO' */;
/*!40111 SET @OLD_SQL_NOTES=@@SQL_NOTES, SQL_NOTES=0 */;

--
-- Current Database: `companies_db`
--

/*!40000 DROP DATABASE IF EXISTS `companies_db`*/;

CREATE DATABASE /*!32312 IF NOT EXISTS*/ `companies_db` /*!40100 DEFAULT CHARACTER SET latin1 */;

USE `companies_db`;

--
-- Table structure for table `companies`
--

DROP TABLE IF EXISTS `companies`;
/*!40101 SET @saved_cs_client     = @@character_set_client */;
/*!40101 SET character_set_client = utf8 */;
CREATE TABLE `companies` (
  `id` int(11) NOT NULL AUTO_INCREMENT,
  `nipt` varchar(20) NOT NULL,
  `name` varchar(20) NOT NULL,
  `address` text,
  `email` varchar(30) NOT NULL,
  `password` varchar(113) NOT NULL,
  `remember_digest` varchar(255) DEFAULT NULL,
  PRIMARY KEY (`id`),
  UNIQUE KEY `nipt` (`nipt`),
  UNIQUE KEY `email_UNIQUE` (`email`),
  KEY `nipt_idx` (`nipt`)
) ENGINE=InnoDB AUTO_INCREMENT=6 DEFAULT CHARSET=latin1;
/*!40101 SET character_set_client = @saved_cs_client */;

--
-- Dumping data for table `companies`
--

LOCK TABLES `companies` WRITE;
/*!40000 ALTER TABLE `companies` DISABLE KEYS */;
INSERT INTO `companies` VALUES (4,'A12345678B','IkubINFO','Rr. \"Abdyl Frasheri\", EGT-Tower, P. 11/1, Kati 2, Tiranë, Shqipëri.','hr@ikubinfo.al','NwYJKgl7e8cvZAO2HlqbMjAq1QCIz142bhKbSOobzua3S5xdb4ibU7zQ53uEo3FFGfQ=$nSlJBJBUM9YqbQhzCwajvVzsvdByc1yFcSXAy9Ufn3c=','70VBwvS4anzxjlpcUKgsUm1GzjTUl3x2t4EnoIYkFNfyZ2rLhOEqhFCD5k8uekTfkFs=$OZr1QGa/ePB/+EAsby5KiT36pTiIZgvZjAs8z9wxFoU='),(5,'V78945612K','Microsoft','Rr. \"Abdyl Frasheri\", EGT Tower, Kati 2, Tirane','login@microsoft.com','NwYJKgl7e8cvZAO2HlqbMjAq1QCIz142bhKbSOobzua3S5xdb4ibU7zQ53uEo3FFGfQ=$nSlJBJBUM9YqbQhzCwajvVzsvdByc1yFcSXAy9Ufn3c=',NULL);
/*!40000 ALTER TABLE `companies` ENABLE KEYS */;
UNLOCK TABLES;

--
-- Table structure for table `departments`
--

DROP TABLE IF EXISTS `departments`;
/*!40101 SET @saved_cs_client     = @@character_set_client */;
/*!40101 SET character_set_client = utf8 */;
CREATE TABLE `departments` (
  `id` int(11) NOT NULL AUTO_INCREMENT,
  `name` varchar(20) NOT NULL,
  `company_id` int(11) NOT NULL,
  PRIMARY KEY (`id`),
  KEY `company_id` (`company_id`),
  CONSTRAINT `departments_ibfk_1` FOREIGN KEY (`company_id`) REFERENCES `companies` (`id`) ON DELETE CASCADE
) ENGINE=InnoDB AUTO_INCREMENT=4 DEFAULT CHARSET=latin1;
/*!40101 SET character_set_client = @saved_cs_client */;

--
-- Dumping data for table `departments`
--

LOCK TABLES `departments` WRITE;
/*!40000 ALTER TABLE `departments` DISABLE KEYS */;
INSERT INTO `departments` VALUES (1,'Java',4),(2,'dotNET',4),(3,'sales',5);
/*!40000 ALTER TABLE `departments` ENABLE KEYS */;
UNLOCK TABLES;

--
-- Table structure for table `employees`
--

DROP TABLE IF EXISTS `employees`;
/*!40101 SET @saved_cs_client     = @@character_set_client */;
/*!40101 SET character_set_client = utf8 */;
CREATE TABLE `employees` (
  `id` int(11) NOT NULL AUTO_INCREMENT,
  `full_name` varchar(30) NOT NULL,
  `ssn` varchar(20) NOT NULL,
  `email` varchar(30) NOT NULL,
  `dob` date NOT NULL,
  `role_id` int(11) DEFAULT '0',
  `sector_id` int(11) DEFAULT '0',
  PRIMARY KEY (`id`),
  KEY `name_idx` (`full_name`),
  KEY `ssn_idx` (`ssn`),
  KEY `email_idx` (`email`),
  KEY `role_id` (`role_id`),
  KEY `sector_id` (`sector_id`),
  CONSTRAINT `employees_ibfk_1` FOREIGN KEY (`role_id`) REFERENCES `roles` (`id`),
  CONSTRAINT `employees_ibfk_2` FOREIGN KEY (`sector_id`) REFERENCES `sectors` (`id`)
) ENGINE=InnoDB AUTO_INCREMENT=8 DEFAULT CHARSET=latin1;
/*!40101 SET character_set_client = @saved_cs_client */;

--
-- Dumping data for table `employees`
--

LOCK TABLES `employees` WRITE;
/*!40000 ALTER TABLE `employees` DISABLE KEYS */;
INSERT INTO `employees` VALUES (1,'Bledi Mane','AAA-12-1234','bledimane@email.com','2016-05-10',3,5),(2,'Qazim Mulleti','AAA-13-1235','qazim@mail.com','2016-05-11',3,5),(3,'Behgjet Pacolli','AAA-12-1236','behgjet.bossi@pacolli.com','2016-05-11',1,5),(4,'Shpetim Idrizi','AAA-12-1238','shpetim@mail.com','2016-05-11',1,5),(5,'Emri Plot','abc-55-7777','erigersmamoci@gmail.com','2016-05-11',1,5),(6,'Name more','abd-84-9852','na@memore.com','2016-05-11',1,5),(7,'James Bond','abc-55-7777','jamesbond@email.com','2016-05-11',1,5);
/*!40000 ALTER TABLE `employees` ENABLE KEYS */;
UNLOCK TABLES;

--
-- Table structure for table `offices`
--

DROP TABLE IF EXISTS `offices`;
/*!40101 SET @saved_cs_client     = @@character_set_client */;
/*!40101 SET character_set_client = utf8 */;
CREATE TABLE `offices` (
  `id` int(11) NOT NULL AUTO_INCREMENT,
  `tables` int(11) DEFAULT '0',
  `pc_count` int(11) DEFAULT '0',
  `laptops` int(11) DEFAULT '0',
  `chairs` int(11) DEFAULT '0',
  `windows` int(11) DEFAULT '0',
  `books` int(11) DEFAULT '0',
  `pencils` int(11) DEFAULT '0',
  `pens` int(11) DEFAULT '0',
  PRIMARY KEY (`id`)
) ENGINE=InnoDB AUTO_INCREMENT=3 DEFAULT CHARSET=latin1;
/*!40101 SET character_set_client = @saved_cs_client */;

--
-- Dumping data for table `offices`
--

LOCK TABLES `offices` WRITE;
/*!40000 ALTER TABLE `offices` DISABLE KEYS */;
INSERT INTO `offices` VALUES (1,5,10,6,10,3,30,20,20),(2,5,5,0,5,2,10,0,0);
/*!40000 ALTER TABLE `offices` ENABLE KEYS */;
UNLOCK TABLES;

--
-- Table structure for table `roles`
--

DROP TABLE IF EXISTS `roles`;
/*!40101 SET @saved_cs_client     = @@character_set_client */;
/*!40101 SET character_set_client = utf8 */;
CREATE TABLE `roles` (
  `id` int(11) NOT NULL AUTO_INCREMENT,
  `name` varchar(20) NOT NULL,
  `salary_id` int(11) NOT NULL,
  PRIMARY KEY (`id`),
  KEY `salary_id` (`salary_id`),
  KEY `name_idx` (`name`),
  CONSTRAINT `roles_ibfk_1` FOREIGN KEY (`salary_id`) REFERENCES `salaries` (`id`) ON DELETE CASCADE
) ENGINE=InnoDB AUTO_INCREMENT=4 DEFAULT CHARSET=latin1;
/*!40101 SET character_set_client = @saved_cs_client */;

--
-- Dumping data for table `roles`
--

LOCK TABLES `roles` WRITE;
/*!40000 ALTER TABLE `roles` DISABLE KEYS */;
INSERT INTO `roles` VALUES (1,'Developer',1),(2,'Team Leader',2),(3,'Manager',3);
/*!40000 ALTER TABLE `roles` ENABLE KEYS */;
UNLOCK TABLES;

--
-- Table structure for table `salaries`
--

DROP TABLE IF EXISTS `salaries`;
/*!40101 SET @saved_cs_client     = @@character_set_client */;
/*!40101 SET character_set_client = utf8 */;
CREATE TABLE `salaries` (
  `id` int(11) NOT NULL AUTO_INCREMENT,
  `value` double NOT NULL,
  PRIMARY KEY (`id`)
) ENGINE=InnoDB AUTO_INCREMENT=4 DEFAULT CHARSET=latin1;
/*!40101 SET character_set_client = @saved_cs_client */;

--
-- Dumping data for table `salaries`
--

LOCK TABLES `salaries` WRITE;
/*!40000 ALTER TABLE `salaries` DISABLE KEYS */;
INSERT INTO `salaries` VALUES (1,85000),(2,100000),(3,125000);
/*!40000 ALTER TABLE `salaries` ENABLE KEYS */;
UNLOCK TABLES;

--
-- Table structure for table `sectors`
--

DROP TABLE IF EXISTS `sectors`;
/*!40101 SET @saved_cs_client     = @@character_set_client */;
/*!40101 SET character_set_client = utf8 */;
CREATE TABLE `sectors` (
  `id` int(11) NOT NULL AUTO_INCREMENT,
  `name` varchar(20) NOT NULL,
  `office_id` int(11) NOT NULL,
  `department_id` int(11) NOT NULL,
  PRIMARY KEY (`id`),
  KEY `office_id` (`office_id`),
  KEY `department_id` (`department_id`),
  CONSTRAINT `sectors_ibfk_1` FOREIGN KEY (`office_id`) REFERENCES `offices` (`id`) ON DELETE CASCADE,
  CONSTRAINT `sectors_ibfk_2` FOREIGN KEY (`department_id`) REFERENCES `departments` (`id`) ON DELETE CASCADE
) ENGINE=InnoDB AUTO_INCREMENT=6 DEFAULT CHARSET=latin1;
/*!40101 SET character_set_client = @saved_cs_client */;

--
-- Dumping data for table `sectors`
--

LOCK TABLES `sectors` WRITE;
/*!40000 ALTER TABLE `sectors` DISABLE KEYS */;
INSERT INTO `sectors` VALUES (1,'Silverlight',2,2),(2,'Struts',1,1),(3,'SpringMVC',1,1),(4,'MS Office',1,3),(5,'sectorless',-1,-1);
/*!40000 ALTER TABLE `sectors` ENABLE KEYS */;
UNLOCK TABLES;
/*!40103 SET TIME_ZONE=@OLD_TIME_ZONE */;

/*!40101 SET SQL_MODE=@OLD_SQL_MODE */;
/*!40014 SET FOREIGN_KEY_CHECKS=@OLD_FOREIGN_KEY_CHECKS */;
/*!40014 SET UNIQUE_CHECKS=@OLD_UNIQUE_CHECKS */;
/*!40101 SET CHARACTER_SET_CLIENT=@OLD_CHARACTER_SET_CLIENT */;
/*!40101 SET CHARACTER_SET_RESULTS=@OLD_CHARACTER_SET_RESULTS */;
/*!40101 SET COLLATION_CONNECTION=@OLD_COLLATION_CONNECTION */;
/*!40111 SET SQL_NOTES=@OLD_SQL_NOTES */;

-- Dump completed on 2016-05-11  9:33:16
